timestamp,project_name,run_id,experiment_id,duration,emissions,emissions_rate,cpu_power,gpu_power,ram_power,cpu_energy,gpu_energy,ram_energy,energy_consumed,water_consumed,country_name,country_iso_code,region,cloud_provider,cloud_region,os,python_version,codecarbon_version,cpu_count,cpu_model,gpu_count,gpu_model,longitude,latitude,ram_total_size,tracking_mode,cpu_utilization_percent,gpu_utilization_percent,ram_utilization_percent,ram_used_gb,on_cloud,pue,wue
2026-04-18T16:05:41,codecarbon,5a649199-f312-450b-ae85-14e94bdf725e,5b0fa12a-3dd7-45bb-9766-cc326314d9f1,1.8049496000021463,4.849631018314553e-06,2.686851210864163e-06,8.7040972288,5.487512090081329,20.0,3.147696288335022e-06,2.7491688660008502e-06,7.228941111113979e-06,1.3125806265449852e-05,0.0,United States,USA,,,,Windows-11-10.0.26200-SP0,3.12.10,3.2.6,16,11th Gen Intel(R) Core(TM) i9-11950H @ 2.60GHz,1,1 x NVIDIA RTX A2000 Laptop GPU,,,31.726390838623047,machine,0.0,0.0,0.0,0.0,N,1.0,0.0
2026-04-18T16:09:38,codecarbon,a28aa984-de01-4f4c-acb4-9ecc04983e45,5b0fa12a-3dd7-45bb-9766-cc326314d9f1,2.172810100004426,6.109639441294687e-06,2.8118607517896945e-06,7.400741190400001,6.359071235836335,20.0,3.4318042758541225e-06,3.835003067997889e-06,9.269284444437492e-06,1.6536091788289503e-05,0.0,United States,USA,,,,Windows-11-10.0.26200-SP0,3.12.10,3.2.6,16,11th Gen Intel(R) Core(TM) i9-11950H @ 2.60GHz,1,1 x NVIDIA RTX A2000 Laptop GPU,,,31.726390838623047,machine,0.0,0.0,0.0,0.0,N,1.0,0.0
2026-04-18T16:13:08,codecarbon,ba5f4b02-503c-4f8e-8a15-d74d26f7dedb,5b0fa12a-3dd7-45bb-9766-cc326314d9f1,1.778374800007441,4.702742621207855e-06,2.644404667220981e-06,8.4140291008,5.392089297812314,20.0,2.9817505442700376e-06,2.661946573986884e-06,7.084547222216821e-06,1.2728244340473745e-05,0.0,United States,USA,,,,Windows-11-10.0.26200-SP0,3.12.10,3.2.6,16,11th Gen Intel(R) Core(TM) i9-11950H @ 2.60GHz,1,1 x NVIDIA RTX A2000 Laptop GPU,,,31.726390838623047,machine,0.0,0.0,0.0,0.0,N,1.0,0.0
2026-04-18T16:15:59,codecarbon,4324082a-cdf9-4ece-b6f1-14177bd7f375,5b0fa12a-3dd7-45bb-9766-cc326314d9f1,1.889164499996696,5.624767468623357e-06,2.9773836363287555e-06,11.6488,5.80975917797752,20.0,4.48324259253301e-06,3.047224659991077e-06,7.693290555552167e-06,1.5223757808076253e-05,0.0,United States,USA,,,,Windows-11-10.0.26200-SP0,3.12.10,3.2.6,16,11th Gen Intel(R) Core(TM) i9-11950H @ 2.60GHz,1,1 x NVIDIA RTX A2000 Laptop GPU,,,31.726390838623047,machine,0.0,0.0,0.0,0.0,N,1.0,0.0
2026-04-18T16:19:10,codecarbon,bb58af8a-3b64-4dfe-b15d-07d5d915874a,5b0fa12a-3dd7-45bb-9766-cc326314d9f1,1.999438700004248,6.142929287220996e-06,3.0723268921462533e-06,11.861563801600004,6.124280138053336,20.0,4.926863291988711e-06,3.398891607997445e-06,8.300437777749419e-06,1.6626192677735576e-05,0.0,United States,USA,,,,Windows-11-10.0.26200-SP0,3.12.10,3.2.6,16,11th Gen Intel(R) Core(TM) i9-11950H @ 2.60GHz,1,1 x NVIDIA RTX A2000 Laptop GPU,,,31.726390838623047,machine,0.0,0.0,0.0,0.0,N,1.0,0.0
2026-04-18T16:19:19,codecarbon,ddb7909c-6b29-479c-b83d-c666f9e2652c,5b0fa12a-3dd7-45bb-9766-cc326314d9f1,1.778881399994134,4.641601280208453e-06,2.6092809111522326e-06,7.9708038976,5.378168080120896,20.0,2.8248918696631462e-06,2.655835458012512e-06,7.082034444384691e-06,1.256276177206035e-05,0.0,United States,USA,,,,Windows-11-10.0.26200-SP0,3.12.10,3.2.6,16,11th Gen Intel(R) Core(TM) i9-11950H @ 2.60GHz,1,1 x NVIDIA RTX A2000 Laptop GPU,,,31.726390838623047,machine,0.0,0.0,0.0,0.0,N,1.0,0.0
2026-04-18T16:19:32,codecarbon,a36b9c66-e2f7-46d3-b11a-89420ebfb26f,5b0fa12a-3dd7-45bb-9766-cc326314d9f1,1.7145104000082938,4.350752095912435e-06,2.537606127026928e-06,8.1662635072,4.820009224696839,20.0,2.7497292766606654e-06,2.293890724008873e-06,6.731941666657804e-06,1.1775561667327345e-05,0.0,United States,USA,,,,Windows-11-10.0.26200-SP0,3.12.10,3.2.6,16,11th Gen Intel(R) Core(TM) i9-11950H @ 2.60GHz,1,1 x NVIDIA RTX A2000 Laptop GPU,,,31.726390838623047,machine,0.0,0.0,0.0,0.0,N,1.0,0.0
2026-04-18T16:19:44,codecarbon,9bed1e31-d5cb-45f5-a5da-a68257e08500,5b0fa12a-3dd7-45bb-9766-cc326314d9f1,1.7508703000057722,4.5667871319924745e-06,2.608295504228622e-06,8.890828537600001,4.827825189975435,20.0,3.082579417953892e-06,2.3463907659893035e-06,6.931302777795483e-06,1.2360272961738678e-05,0.0,United States,USA,,,,Windows-11-10.0.26200-SP0,3.12.10,3.2.6,16,11th Gen Intel(R) Core(TM) i9-11950H @ 2.60GHz,1,1 x NVIDIA RTX A2000 Laptop GPU,,,31.726390838623047,machine,0.0,0.0,0.0,0.0,N,1.0,0.0
2026-04-18T16:19:50,codecarbon,d3630951-74b3-4cfb-925c-673d212c32e5,5b0fa12a-3dd7-45bb-9766-cc326314d9f1,1.7321684999915306,4.916833529618701e-06,2.8385422836420025e-06,11.3401285696,5.435169421276839,20.0,3.870867206259999e-06,2.6130576459976185e-06,6.8237688888782745e-06,1.3307693741135893e-05,0.0,United States,USA,,,,Windows-11-10.0.26200-SP0,3.12.10,3.2.6,16,11th Gen Intel(R) Core(TM) i9-11950H @ 2.60GHz,1,1 x NVIDIA RTX A2000 Laptop GPU,,,31.726390838623047,machine,0.0,0.0,0.0,0.0,N,1.0,0.0
2026-04-18T16:20:07,codecarbon,0efc8821-b21a-49a5-b262-a30d3c4fa223,5b0fa12a-3dd7-45bb-9766-cc326314d9f1,1.8085213000013027,4.803781388190223e-06,2.6561928732532827e-06,8.2175389696,5.519926649030131,20.0,2.980219933589177e-06,2.771391105993448e-06,7.250100555554834e-06,1.300171159513746e-05,0.0,United States,USA,,,,Windows-11-10.0.26200-SP0,3.12.10,3.2.6,16,11th Gen Intel(R) Core(TM) i9-11950H @ 2.60GHz,1,1 x NVIDIA RTX A2000 Laptop GPU,,,31.726390838623047,machine,0.0,0.0,0.0,0.0,N,1.0,0.0
2026-04-18T16:42:47,codecarbon,222e3c8b-b73a-4ebb-b485-ff907391072f,5b0fa12a-3dd7-45bb-9766-cc326314d9f1,1.8035442999971565,4.516944351968974e-06,2.504482064552612e-06,8.359104102400002,3.955095992480516,20.0,3.021024572311712e-06,1.9800015839815943e-06,7.224344444451466e-06,1.2225370600744771e-05,0.0,United States,USA,,,,Windows-11-10.0.26200-SP0,3.12.10,3.2.6,16,11th Gen Intel(R) Core(TM) i9-11950H @ 2.60GHz,1,1 x NVIDIA RTX A2000 Laptop GPU,,,31.726390838623047,machine,0.0,0.0,0.0,0.0,N,1.0,0.0
2026-04-18T16:43:02,codecarbon,f9f630de-bf51-451c-ac64-186430ca5332,5b0fa12a-3dd7-45bb-9766-cc326314d9f1,2.013334700008272,5.436290690408982e-06,2.7001425497641528e-06,8.9121783808,4.6470006983357655,20.0,3.736194118314218e-06,2.5969465220071486e-06,8.380493888883696e-06,1.4713634529205064e-05,0.0,United States,USA,,,,Windows-11-10.0.26200-SP0,3.12.10,3.2.6,16,11th Gen Intel(R) Core(TM) i9-11950H @ 2.60GHz,1,1 x NVIDIA RTX A2000 Laptop GPU,,,31.726390838623047,machine,0.0,0.0,0.0,0.0,N,1.0,0.0
2026-04-18T16:45:27,codecarbon,8741b8a0-bc86-4945-848d-08d779e58b1e,5b0fa12a-3dd7-45bb-9766-cc326314d9f1,1.7037614000000758,4.01832203757775e-06,2.3585004552735912e-06,7.138023270400001,3.845678116141011,20.0,2.3827318494546304e-06,1.8191681220025568e-06,6.6739205555576415e-06,1.087582052701483e-05,0.0,United States,USA,,,,Windows-11-10.0.26200-SP0,3.12.10,3.2.6,16,11th Gen Intel(R) Core(TM) i9-11950H @ 2.60GHz,1,1 x NVIDIA RTX A2000 Laptop GPU,,,31.726390838623047,machine,0.0,0.0,0.0,0.0,N,1.0,0.0
2026-04-18T16:46:00,codecarbon,63f5e2f0-01f8-49a0-b121-3e47e73ed829,5b0fa12a-3dd7-45bb-9766-cc326314d9f1,1.689391499996418,4.003329515156662e-06,2.3696872602739803e-06,7.157109145600001,4.006171424655914,20.0,2.360928118801264e-06,1.878890391993071e-06,6.595423888938967e-06,1.0835242399733302e-05,0.0,United States,USA,,,,Windows-11-10.0.26200-SP0,3.12.10,3.2.6,16,11th Gen Intel(R) Core(TM) i9-11950H @ 2.60GHz,1,1 x NVIDIA RTX A2000 Laptop GPU,,,31.726390838623047,machine,0.0,0.0,0.0,0.0,N,1.0,0.0
2026-04-18T16:46:38,codecarbon,8f4af87b-f701-4071-85d3-8c2317f3a699,5b0fa12a-3dd7-45bb-9766-cc326314d9f1,1.9375244000111709,5.0059013633246455e-06,2.5836584887889846e-06,8.1662635072,4.35291347780042,20.0,3.250576879063686e-06,2.340835205991154e-06,7.957348888885462e-06,1.3548760973940304e-05,0.0,United States,USA,,,,Windows-11-10.0.26200-SP0,3.12.10,3.2.6,16,11th Gen Intel(R) Core(TM) i9-11950H @ 2.60GHz,1,1 x NVIDIA RTX A2000 Laptop GPU,,,31.726390838623047,machine,0.0,0.0,0.0,0.0,N,1.0,0.0
2026-04-18T16:46:54,codecarbon,d2dbdd7a-85a0-498b-8d34-f6d9b81b8aa8,5b0fa12a-3dd7-45bb-9766-cc326314d9f1,1.9961317999986927,5.11341868869254e-06,2.5616638584165072e-06,7.6509360064,4.286845556348398,20.0,3.173289253932288e-06,2.375279677988007e-06,8.2911938888881e-06,1.3839762820808394e-05,0.0,United States,USA,,,,Windows-11-10.0.26200-SP0,3.12.10,3.2.6,16,11th Gen Intel(R) Core(TM) i9-11950H @ 2.60GHz,1,1 x NVIDIA RTX A2000 Laptop GPU,,,31.726390838623047,machine,0.0,0.0,0.0,0.0,N,1.0,0.0
2026-04-18T16:47:03,codecarbon,5e873320-62a5-4615-a675-f91356b2cffb,5b0fa12a-3dd7-45bb-9766-cc326314d9f1,1.6933628000115275,4.123318000211467e-06,2.43498794244411e-06,7.0387590592,4.727873510527671,20.0,2.3276591600904354e-06,2.2222239999952764e-06,6.610115000027388e-06,1.11599981601131e-05,0.0,United States,USA,,,,Windows-11-10.0.26200-SP0,3.12.10,3.2.6,16,11th Gen Intel(R) Core(TM) i9-11950H @ 2.60GHz,1,1 x NVIDIA RTX A2000 Laptop GPU,,,31.726390838623047,machine,0.0,0.0,0.0,0.0,N,1.0,0.0
2026-04-18T16:47:53,codecarbon,fede95c8-5f96-41c5-9c28-372f41707e91,5b0fa12a-3dd7-45bb-9766-cc326314d9f1,1.8154649000061909,4.392012515547803e-06,2.4192219389825856e-06,7.064886937600001,4.0119511974539845,20.0,2.5758948681135365e-06,2.021946062011337e-06,7.289394444443234e-06,1.1887235374568108e-05,0.0,United States,USA,,,,Windows-11-10.0.26200-SP0,3.12.10,3.2.6,16,11th Gen Intel(R) Core(TM) i9-11950H @ 2.60GHz,1,1 x NVIDIA RTX A2000 Laptop GPU,,,31.726390838623047,machine,0.0,0.0,0.0,0.0,N,1.0,0.0
2026-04-18T16:48:18,codecarbon,14df2132-8ba8-4da1-88de-88f5765fa84c,5b0fa12a-3dd7-45bb-9766-cc326314d9f1,2.025785399993765,5.499998325242856e-06,2.7149955396360263e-06,7.848856403200001,5.567566295490206,20.0,3.3147554170715586e-06,3.128613614011844e-06,8.442693888921187e-06,1.4886062920004587e-05,0.0,United States,USA,,,,Windows-11-10.0.26200-SP0,3.12.10,3.2.6,16,11th Gen Intel(R) Core(TM) i9-11950H @ 2.60GHz,1,1 x NVIDIA RTX A2000 Laptop GPU,,,31.726390838623047,machine,0.0,0.0,0.0,0.0,N,1.0,0.0
2026-04-18T17:05:08,codecarbon,0010728f-edd8-4e1f-9b27-ee548af62c1d,5b0fa12a-3dd7-45bb-9766-cc326314d9f1,1.7811171999928774,4.463287107838142e-06,2.5058918682364024e-06,6.8890046464,5.112010107652562,20.0,2.447849928062155e-06,2.527779800004515e-06,7.10451444441181e-06,1.208014417247848e-05,0.0,United States,USA,,,,Windows-11-10.0.26200-SP0,3.12.10,3.2.6,16,11th Gen Intel(R) Core(TM) i9-11950H @ 2.60GHz,1,1 x NVIDIA RTX A2000 Laptop GPU,,,31.726390838623047,machine,0.0,0.0,0.0,0.0,N,1.0,0.0
2026-04-18T17:31:01,codecarbon,4871b80f-4dd9-4d99-a1fa-0318b4726420,5b0fa12a-3dd7-45bb-9766-cc326314d9f1,3.476729999994859,1.266605282302288e-05,3.6430936031965698e-06,13.412417536,6.944111231871757,20.0,1.1072132116195644e-05,6.7022275840045165e-06,1.650704333337166e-05,3.428140303357182e-05,0.0,United States,USA,,,,Windows-11-10.0.26200-SP0,3.12.10,3.2.6,16,11th Gen Intel(R) Core(TM) i9-11950H @ 2.60GHz,1,1 x NVIDIA RTX A2000 Laptop GPU,,,31.726390838623047,machine,0.0,0.0,68.0,21.58831787109375,N,1.0,0.0
2026-04-18T17:33:02,codecarbon,18bf727e-5c11-4f58-a6a5-d0c50e325cc4,5b0fa12a-3dd7-45bb-9766-cc326314d9f1,1.8193655000068247,5.313324342273622e-06,2.920427117175571e-06,11.441634918400002,5.749743671874722,20.0,4.179622243575278e-06,2.9030578780064875e-06,7.298138888937602e-06,1.4380819010519368e-05,0.0,United States,USA,,,,Windows-11-10.0.26200-SP0,3.12.10,3.2.6,16,11th Gen Intel(R) Core(TM) i9-11950H @ 2.60GHz,1,1 x NVIDIA RTX A2000 Laptop GPU,,,31.726390838623047,machine,0.0,0.0,0.0,0.0,N,1.0,0.0
2026-04-18T17:35:58,codecarbon,18468e4a-c3ea-438b-bc35-1ae988da8f86,5b0fa12a-3dd7-45bb-9766-cc326314d9f1,1.9550760999991328,5.896271567499838e-06,3.015878291132736e-06,13.093942067200004,4.955768126278049,20.0,5.254564398112543e-06,2.6833354800082088e-06,8.020699444427413e-06,1.5958599322548165e-05,0.0,United States,USA,,,,Windows-11-10.0.26200-SP0,3.12.10,3.2.6,16,11th Gen Intel(R) Core(TM) i9-11950H @ 2.60GHz,1,1 x NVIDIA RTX A2000 Laptop GPU,,,31.726390838623047,machine,0.0,0.0,0.0,0.0,N,1.0,0.0
2026-04-18T17:37:38,codecarbon,caff5d7a-91af-440f-aff7-bf7275c461bb,5b0fa12a-3dd7-45bb-9766-cc326314d9f1,2.087505499992403,5.819046167104677e-06,2.787559681699451e-06,8.7858919936,5.359125355005677,20.0,3.860586836179706e-06,3.1036135939993548e-06,8.785383888850143e-06,1.5749584319029205e-05,0.0,United States,USA,,,,Windows-11-10.0.26200-SP0,3.12.10,3.2.6,16,11th Gen Intel(R) Core(TM) i9-11950H @ 2.60GHz,1,1 x NVIDIA RTX A2000 Laptop GPU,,,31.726390838623047,machine,0.0,0.0,0.0,0.0,N,1.0,0.0
2026-04-18T17:39:12,codecarbon,e20e1dfa-d596-47b3-9929-58255d8bc671,5b0fa12a-3dd7-45bb-9766-cc326314d9f1,2.090613100008341,6.150455494905342e-06,2.941938656598299e-06,9.365181644800002,6.437743183905511,20.0,4.1203292496745625e-06,3.7350029879895663e-06,8.791230555572029e-06,1.6646562793236157e-05,0.0,United States,USA,,,,Windows-11-10.0.26200-SP0,3.12.10,3.2.6,16,11th Gen Intel(R) Core(TM) i9-11950H @ 2.60GHz,1,1 x NVIDIA RTX A2000 Laptop GPU,,,31.726390838623047,machine,0.0,0.0,0.0,0.0,N,1.0,0.0
2026-04-18T17:42:04,codecarbon,a0e9289e-b99e-4e16-9938-3fc02fe3fd31,5b0fa12a-3dd7-45bb-9766-cc326314d9f1,1.974351700002444,5.761624988217718e-06,2.918236395375041e-06,12.3041861632,4.422690319345391,20.0,5.017533645415927e-06,2.423335271992122e-06,8.153301666687993e-06,1.5594170584096043e-05,0.0,United States,USA,,,,Windows-11-10.0.26200-SP0,3.12.10,3.2.6,16,11th Gen Intel(R) Core(TM) i9-11950H @ 2.60GHz,1,1 x NVIDIA RTX A2000 Laptop GPU,,,31.726390838623047,machine,0.0,0.0,0.0,0.0,N,1.0,0.0
2026-04-18T18:02:02,codecarbon,c7486e78-3836-4b29-b62f-e8f70bbfb526,5b0fa12a-3dd7-45bb-9766-cc326314d9f1,1.948911700004828,5.433942839719348e-06,2.7881934516098835e-06,10.728723404800002,4.382969583135188,20.0,4.308523594487281e-06,2.3711130079928644e-06,8.027643333318539e-06,1.4707279935798685e-05,0.0,United States,USA,,,,Windows-11-10.0.26200-SP0,3.12.10,3.2.6,16,11th Gen Intel(R) Core(TM) i9-11950H @ 2.60GHz,1,1 x NVIDIA RTX A2000 Laptop GPU,,,31.726390838623047,machine,0.0,0.0,0.0,0.0,N,1.0,0.0
2026-04-18T18:07:57,codecarbon,e5087fb4-b20c-4203-9ab1-e8e020c333e6,5b0fa12a-3dd7-45bb-9766-cc326314d9f1,1.8655664999969304,5.328611549841317e-06,2.856296760179862e-06,11.9700685504,4.531602147872542,20.0,4.524402287927748e-06,2.345835209999203e-06,7.551957222232078e-06,1.4422194720159029e-05,0.0,United States,USA,,,,Windows-11-10.0.26200-SP0,3.12.10,3.2.6,16,11th Gen Intel(R) Core(TM) i9-11950H @ 2.60GHz,1,1 x NVIDIA RTX A2000 Laptop GPU,,,31.726390838623047,machine,0.0,0.0,0.0,0.0,N,1.0,0.0
2026-04-18T18:16:39,codecarbon,eae5b459-770f-4599-bfbb-52f3a552ac77,5b0fa12a-3dd7-45bb-9766-cc326314d9f1,1.8957470000023025,4.966340844335136e-06,2.619727655815414e-06,8.8066387648,4.366098212749902,20.0,3.4074546410776938e-06,2.297779615995088e-06,7.736453888840819e-06,1.34416881459136e-05,0.0,United States,USA,,,,Windows-11-10.0.26200-SP0,3.12.10,3.2.6,16,11th Gen Intel(R) Core(TM) i9-11950H @ 2.60GHz,1,1 x NVIDIA RTX A2000 Laptop GPU,,,31.726390838623047,machine,0.0,0.0,0.0,0.0,N,1.0,0.0
2026-04-18T18:24:48,codecarbon,ffd2124e-2ca0-4d10-b865-131a32e16ff5,5b0fa12a-3dd7-45bb-9766-cc326314d9f1,1.834775700001046,4.574861767088529e-06,2.493417460829638e-06,7.848856403200001,4.085451138682259,20.0,2.904786318590736e-06,2.0808349980167007e-06,7.396506111076128e-06,1.2382127427683564e-05,0.0,United States,USA,,,,Windows-11-10.0.26200-SP0,3.12.10,3.2.6,16,11th Gen Intel(R) Core(TM) i9-11950H @ 2.60GHz,1,1 x NVIDIA RTX A2000 Laptop GPU,,,31.726390838623047,machine,0.0,0.0,0.0,0.0,N,1.0,0.0
2026-04-18T18:25:05,codecarbon,f2f302e9-6a8c-4547-bce5-43068b157386,5b0fa12a-3dd7-45bb-9766-cc326314d9f1,1.7500205999967875,4.390420478363277e-06,2.508782169976362e-06,8.488846201600001,4.15522763369447,20.0,2.9404870417729577e-06,2.018057170011245e-06,6.924382222253675e-06,1.1882926434037875e-05,0.0,United States,USA,,,,Windows-11-10.0.26200-SP0,3.12.10,3.2.6,16,11th Gen Intel(R) Core(TM) i9-11950H @ 2.60GHz,1,1 x NVIDIA RTX A2000 Laptop GPU,,,31.726390838623047,machine,0.0,0.0,0.0,0.0,N,1.0,0.0
2026-04-18T18:38:28,codecarbon,188a6362-57f1-4477-b3a9-93f01b9b2c3f,5b0fa12a-3dd7-45bb-9766-cc326314d9f1,2.402847500008648,6.669864147732357e-06,2.775816670724361e-06,7.496367788800001,5.308767762284139,20.0,3.956702236129404e-06,3.541669500006784e-06,1.0554000555566744e-05,1.805237229170293e-05,0.0,United States,USA,,,,Windows-11-10.0.26200-SP0,3.12.10,3.2.6,16,11th Gen Intel(R) Core(TM) i9-11950H @ 2.60GHz,1,1 x NVIDIA RTX A2000 Laptop GPU,,,31.726390838623047,machine,0.0,0.0,0.0,0.0,N,1.0,0.0
2026-04-18T18:39:04,codecarbon,d372e9ca-1f0e-45be-bb57-b123f0964d0b,5b0fa12a-3dd7-45bb-9766-cc326314d9f1,1.7719259999867063,4.240565018178679e-06,2.3931953243027603e-06,7.064886937600001,3.932256791408671,20.0,2.491725767593885e-06,1.934168214021148e-06,7.051439999971384e-06,1.1477333981586418e-05,0.0,United States,USA,,,,Windows-11-10.0.26200-SP0,3.12.10,3.2.6,16,11th Gen Intel(R) Core(TM) i9-11950H @ 2.60GHz,1,1 x NVIDIA RTX A2000 Laptop GPU,,,31.726390838623047,machine,0.0,0.0,0.0,0.0,N,1.0,0.0
2026-04-18T18:39:25,codecarbon,17fa1f3b-e5c0-4154-b6df-fa9a31583d54,5b0fa12a-3dd7-45bb-9766-cc326314d9f1,1.7486480999941705,4.0575204175787534e-06,2.32037561908098e-06,6.7766580928,3.528959494868208,20.0,2.3463201678226285e-06,1.713056925992107e-06,6.922536111152214e-06,1.098191320496695e-05,0.0,United States,USA,,,,Windows-11-10.0.26200-SP0,3.12.10,3.2.6,16,11th Gen Intel(R) Core(TM) i9-11950H @ 2.60GHz,1,1 x NVIDIA RTX A2000 Laptop GPU,,,31.726390838623047,machine,0.0,0.0,0.0,0.0,N,1.0,0.0
2026-04-18T18:39:33,codecarbon,977e9065-ba90-409c-8472-39381684c319,5b0fa12a-3dd7-45bb-9766-cc326314d9f1,1.7336606000026222,4.14756199151411e-06,2.392372527533842e-06,6.758819430400002,4.322273979731308,20.0,2.310514813465616e-06,2.0800016639899166e-06,6.83509944444975e-06,1.1225615921905282e-05,0.0,United States,USA,,,,Windows-11-10.0.26200-SP0,3.12.10,3.2.6,16,11th Gen Intel(R) Core(TM) i9-11950H @ 2.60GHz,1,1 x NVIDIA RTX A2000 Laptop GPU,,,31.726390838623047,machine,0.0,0.0,0.0,0.0,N,1.0,0.0
2026-04-18T18:40:24,codecarbon,d6d25621-7f68-49d6-bdb4-c5f73549db09,5b0fa12a-3dd7-45bb-9766-cc326314d9f1,1.7356089999957476,4.079323342612992e-06,2.350370009963642e-06,6.833701273600001,3.833318364372309,20.0,2.342168158002044e-06,1.8469459220071816e-06,6.851809999999306e-06,1.1040924080008532e-05,0.0,United States,USA,,,,Windows-11-10.0.26200-SP0,3.12.10,3.2.6,16,11th Gen Intel(R) Core(TM) i9-11950H @ 2.60GHz,1,1 x NVIDIA RTX A2000 Laptop GPU,,,31.726390838623047,machine,0.0,0.0,0.0,0.0,N,1.0,0.0
2026-04-18T18:45:03,codecarbon,7aea9af3-699b-40b2-a9ac-4f886d5356a3,5b0fa12a-3dd7-45bb-9766-cc326314d9f1,1.7060652000072878,3.870957669249503e-06,2.268938883011603e-06,6.4252850176,3.451412223540605,20.0,2.15037905062857e-06,1.6347235300140373e-06,6.691867777812553e-06,1.047697035845516e-05,0.0,United States,USA,,,,Windows-11-10.0.26200-SP0,3.12.10,3.2.6,16,11th Gen Intel(R) Core(TM) i9-11950H @ 2.60GHz,1,1 x NVIDIA RTX A2000 Laptop GPU,,,31.726390838623047,machine,0.0,0.0,0.0,0.0,N,1.0,0.0
2026-04-18T18:45:13,codecarbon,71f7273f-f049-48ca-ba13-3a95f4a0ba22,5b0fa12a-3dd7-45bb-9766-cc326314d9f1,1.719984299998032,3.908664517498529e-06,2.272500113810924e-06,6.4252850176,3.441300549436788,20.0,2.1731870276342187e-06,1.6427790920092722e-06,6.763059999987793e-06,1.0579026119631284e-05,0.0,United States,USA,,,,Windows-11-10.0.26200-SP0,3.12.10,3.2.6,16,11th Gen Intel(R) Core(TM) i9-11950H @ 2.60GHz,1,1 x NVIDIA RTX A2000 Laptop GPU,,,31.726390838623047,machine,0.0,0.0,0.0,0.0,N,1.0,0.0
2026-04-18T18:45:22,codecarbon,2a46b1a5-5ebc-43a8-86ea-baa56069e9aa,5b0fa12a-3dd7-45bb-9766-cc326314d9f1,1.750191699989955,4.080677332513189e-06,2.331560212825035e-06,6.4294912,3.8738036415589634,20.0,2.2292994483259087e-06,1.882223728003063e-06,6.9330655554949775e-06,1.1044588731823949e-05,0.0,United States,USA,,,,Windows-11-10.0.26200-SP0,3.12.10,3.2.6,16,11th Gen Intel(R) Core(TM) i9-11950H @ 2.60GHz,1,1 x NVIDIA RTX A2000 Laptop GPU,,,31.726390838623047,machine,0.0,0.0,0.0,0.0,N,1.0,0.0
2026-04-18T18:45:29,codecarbon,10814d45-b320-4c46-88d3-cc7511838312,5b0fa12a-3dd7-45bb-9766-cc326314d9f1,1.7211115999962203,3.947806138370451e-06,2.2937537219429125e-06,6.4705624768000005,3.6111149044388378,20.0,2.190680462171124e-06,1.72527915801024e-06,6.7690055555431165e-06,1.068496517572448e-05,0.0,United States,USA,,,,Windows-11-10.0.26200-SP0,3.12.10,3.2.6,16,11th Gen Intel(R) Core(TM) i9-11950H @ 2.60GHz,1,1 x NVIDIA RTX A2000 Laptop GPU,,,31.726390838623047,machine,0.0,0.0,0.0,0.0,N,1.0,0.0
2026-04-18T18:45:36,codecarbon,11f855db-c28d-45e4-ab70-ce791771497d,5b0fa12a-3dd7-45bb-9766-cc326314d9f1,1.721686500008218,3.892468686770132e-06,2.260846377520851e-06,6.415099494400001,3.3117883585926857,20.0,2.1746037914187936e-06,1.5830568220048802e-06,6.777530555538963e-06,1.0535191168962637e-05,0.0,United States,USA,,,,Windows-11-10.0.26200-SP0,3.12.10,3.2.6,16,11th Gen Intel(R) Core(TM) i9-11950H @ 2.60GHz,1,1 x NVIDIA RTX A2000 Laptop GPU,,,31.726390838623047,machine,0.0,0.0,0.0,0.0,N,1.0,0.0
2026-04-18T18:45:43,codecarbon,a17b9df9-b961-4e9e-a448-9b0bac75fddd,5b0fa12a-3dd7-45bb-9766-cc326314d9f1,1.75228290000814,3.9715457701492445e-06,2.266498046708551e-06,6.4341397504,3.220346378802277,20.0,2.235436050425388e-06,1.5666679200054825e-06,6.94711388892352e-06,1.074921785935439e-05,0.0,United States,USA,,,,Windows-11-10.0.26200-SP0,3.12.10,3.2.6,16,11th Gen Intel(R) Core(TM) i9-11950H @ 2.60GHz,1,1 x NVIDIA RTX A2000 Laptop GPU,,,31.726390838623047,machine,0.0,0.0,0.0,0.0,N,1.0,0.0
2026-04-18T18:45:59,codecarbon,d82f56b9-eb57-479d-8504-e8905891c9a1,5b0fa12a-3dd7-45bb-9766-cc326314d9f1,1.7410273999994388,3.96264983353136e-06,2.276041051124547e-06,6.4085753152,3.384379461209561,20.0,2.206168073690308e-06,1.6358346419942382e-06,6.8831377777516735e-06,1.072514049343622e-05,0.0,United States,USA,,,,Windows-11-10.0.26200-SP0,3.12.10,3.2.6,16,11th Gen Intel(R) Core(TM) i9-11950H @ 2.60GHz,1,1 x NVIDIA RTX A2000 Laptop GPU,,,31.726390838623047,machine,0.0,0.0,0.0,0.0,N,1.0,0.0
2026-04-18T18:46:11,codecarbon,f2cffc20-8095-4558-8963-6e04b59e5b68,5b0fa12a-3dd7-45bb-9766-cc326314d9f1,1.7327455999911765,3.929433198687282e-06,2.2677496331298098e-06,6.4112384512,3.3351301363577224,20.0,2.1925981373789785e-06,1.6041679499895212e-06,6.838471666641352e-06,1.0635237754009852e-05,0.0,United States,USA,,,,Windows-11-10.0.26200-SP0,3.12.10,3.2.6,16,11th Gen Intel(R) Core(TM) i9-11950H @ 2.60GHz,1,1 x NVIDIA RTX A2000 Laptop GPU,,,31.726390838623047,machine,0.0,0.0,0.0,0.0,N,1.0,0.0
2026-04-18T18:46:18,codecarbon,4c3e4a4a-6bf0-4211-a474-6cf748ae5f38,5b0fa12a-3dd7-45bb-9766-cc326314d9f1,1.729264100009459,3.948095237623232e-06,2.2831071538474868e-06,6.4085753152,3.5189432327265964,20.0,2.1840579548283463e-06,1.6891680180014523e-06,6.812521666708765e-06,1.0685747639538564e-05,0.0,United States,USA,,,,Windows-11-10.0.26200-SP0,3.12.10,3.2.6,16,11th Gen Intel(R) Core(TM) i9-11950H @ 2.60GHz,1,1 x NVIDIA RTX A2000 Laptop GPU,,,31.726390838623047,machine,0.0,0.0,0.0,0.0,N,1.0,0.0
2026-04-18T18:46:30,codecarbon,8b3425ce-8127-4a00-a740-af65ed769c10,5b0fa12a-3dd7-45bb-9766-cc326314d9f1,1.7613714000035543,4.092685712496104e-06,2.323579065998145e-06,6.418111283200002,3.754290909754188,20.0,2.2454958588954938e-06,1.835834801997005e-06,6.995759444463248e-06,1.1077090105355747e-05,0.0,United States,USA,,,,Windows-11-10.0.26200-SP0,3.12.10,3.2.6,16,11th Gen Intel(R) Core(TM) i9-11950H @ 2.60GHz,1,1 x NVIDIA RTX A2000 Laptop GPU,,,31.726390838623047,machine,0.0,0.0,0.0,0.0,N,1.0,0.0
2026-04-18T18:46:41,codecarbon,44211afc-6adc-4197-85ec-e22d72f76639,5b0fa12a-3dd7-45bb-9766-cc326314d9f1,1.7278480999957535,3.943947889447928e-06,2.2825779010652734e-06,6.4611255808,3.4650975303380096,20.0,2.200890717007105e-06,1.662223552009734e-06,6.811408333305735e-06,1.0674522602322574e-05,0.0,United States,USA,,,,Windows-11-10.0.26200-SP0,3.12.10,3.2.6,16,11th Gen Intel(R) Core(TM) i9-11950H @ 2.60GHz,1,1 x NVIDIA RTX A2000 Laptop GPU,,,31.726390838623047,machine,0.0,0.0,0.0,0.0,N,1.0,0.0
2026-04-18T18:51:35,codecarbon,1747c2d3-4e80-4ee5-9e80-3c450853d912,5b0fa12a-3dd7-45bb-9766-cc326314d9f1,1.7302173000061885,3.875899180741387e-06,2.2401227757504933e-06,6.4189221184,3.080053012500807,20.0,2.189823660949213e-06,1.4794456280053936e-06,6.821075555570941e-06,1.0490344844525547e-05,0.0,United States,USA,,,,Windows-11-10.0.26200-SP0,3.12.10,3.2.6,16,11th Gen Intel(R) Core(TM) i9-11950H @ 2.60GHz,1,1 x NVIDIA RTX A2000 Laptop GPU,,,31.726390838623047,machine,0.0,0.0,0.0,0.0,N,1.0,0.0
2026-04-18T18:51:46,codecarbon,5bbe6365-3d10-4e60-9706-ad18b3f8ef62,5b0fa12a-3dd7-45bb-9766-cc326314d9f1,1.7329662999982247,3.956294978022191e-06,2.2829612889911617e-06,6.4095832,3.492103532482663,20.0,2.1914388106502086e-06,1.6800013439982608e-06,6.836500555558208e-06,1.0707940710206676e-05,0.0,United States,USA,,,,Windows-11-10.0.26200-SP0,3.12.10,3.2.6,16,11th Gen Intel(R) Core(TM) i9-11950H @ 2.60GHz,1,1 x NVIDIA RTX A2000 Laptop GPU,,,31.726390838623047,machine,0.0,0.0,0.0,0.0,N,1.0,0.0
2026-04-18T18:51:52,codecarbon,7e7d322a-6c97-4764-9644-32f0999430c7,5b0fa12a-3dd7-45bb-9766-cc326314d9f1,1.7079797000042165,3.844518118701972e-06,2.25091558095947e-06,6.401715961600001,3.295835929957659,20.0,2.144668383316828e-06,1.562501249996462e-06,6.698240555528578e-06,1.0405410188841868e-05,0.0,United States,USA,,,,Windows-11-10.0.26200-SP0,3.12.10,3.2.6,16,11th Gen Intel(R) Core(TM) i9-11950H @ 2.60GHz,1,1 x NVIDIA RTX A2000 Laptop GPU,,,31.726390838623047,machine,0.0,0.0,0.0,0.0,N,1.0,0.0
2026-04-18T18:52:06,codecarbon,94f9cca9-90e6-4e1c-a068-011b48af06a6,5b0fa12a-3dd7-45bb-9766-cc326314d9f1,1.6317656000028364,3.5702752637701466e-06,2.1879829209317446e-06,6.4576,3.003447718725772,20.0,2.026952206767397e-06,1.36055664398671e-06,6.27564722227463e-06,9.663156073028737e-06,0.0,United States,USA,,,,Windows-11-10.0.26200-SP0,3.12.10,3.2.6,16,11th Gen Intel(R) Core(TM) i9-11950H @ 2.60GHz,1,1 x NVIDIA RTX A2000 Laptop GPU,,,31.726390838623047,machine,0.0,0.0,0.0,0.0,N,1.0,0.0
2026-04-18T18:52:11,codecarbon,7569487a-1d3b-4864-8f80-85ec8527fd54,5b0fa12a-3dd7-45bb-9766-cc326314d9f1,1.6434213000029558,3.608170551991407e-06,2.195523784427595e-06,6.4705624768000005,3.0180487604517907,20.0,2.0510690898540965e-06,1.3766677680049355e-06,6.337985000007191e-06,9.765721857866224e-06,0.0,United States,USA,,,,Windows-11-10.0.26200-SP0,3.12.10,3.2.6,16,11th Gen Intel(R) Core(TM) i9-11950H @ 2.60GHz,1,1 x NVIDIA RTX A2000 Laptop GPU,,,31.726390838623047,machine,0.0,0.0,0.0,0.0,N,1.0,0.0
2026-04-18T18:54:46,codecarbon,bb0d09d1-1556-48b7-8edf-ea87ad3bffed,5b0fa12a-3dd7-45bb-9766-cc326314d9f1,1.657866199995624,3.72366588213258e-06,2.246059351558292e-06,6.4478416384,3.44283858402018,20.0,2.071147034011108e-06,1.5847234899890594e-06,6.422446111133064e-06,1.007831663513323e-05,0.0,United States,USA,,,,Windows-11-10.0.26200-SP0,3.12.10,3.2.6,16,11th Gen Intel(R) Core(TM) i9-11950H @ 2.60GHz,1,1 x NVIDIA RTX A2000 Laptop GPU,,,31.726390838623047,machine,0.0,0.0,0.0,0.0,N,1.0,0.0
2026-04-18T18:54:59,codecarbon,3aac3bf5-3543-4e0d-b44f-87126866134c,5b0fa12a-3dd7-45bb-9766-cc326314d9f1,1.634598000004189,3.516844955022133e-06,2.1515045014206067e-06,6.4118298304,2.6678804266737464,20.0,2.0173078899809945e-06,1.2105565240089211e-06,6.290679444484542e-06,9.518543858474458e-06,0.0,United States,USA,,,,Windows-11-10.0.26200-SP0,3.12.10,3.2.6,16,11th Gen Intel(R) Core(TM) i9-11950H @ 2.60GHz,1,1 x NVIDIA RTX A2000 Laptop GPU,,,31.726390838623047,machine,0.0,0.0,0.0,0.0,N,1.0,0.0
2026-04-18T18:55:05,codecarbon,2bfa0497-eaf8-47cf-ab47-b2172b5d0f84,5b0fa12a-3dd7-45bb-9766-cc326314d9f1,1.654164599996875,3.6527766241458137e-06,2.2082304410049125e-06,6.5071859392,3.051775391427123,20.0,2.083449645660881e-06,1.4013900099946186e-06,6.4016111111009706e-06,9.886450766756471e-06,0.0,United States,USA,,,,Windows-11-10.0.26200-SP0,3.12.10,3.2.6,16,11th Gen Intel(R) Core(TM) i9-11950H @ 2.60GHz,1,1 x NVIDIA RTX A2000 Laptop GPU,,,31.726390838623047,machine,0.0,0.0,0.0,0.0,N,1.0,0.0
2026-04-18T18:55:26,codecarbon,ca041b05-c430-4d42-b2dd-4ccaf676f7d2,5b0fa12a-3dd7-45bb-9766-cc326314d9f1,1.6536176999943564,3.594662578871294e-06,2.173817188146669e-06,6.5355118912000005,2.712035712429197,20.0,2.090030197667287e-06,1.244723217996846e-06,6.394408333289903e-06,9.729161748954037e-06,0.0,United States,USA,,,,Windows-11-10.0.26200-SP0,3.12.10,3.2.6,16,11th Gen Intel(R) Core(TM) i9-11950H @ 2.60GHz,1,1 x NVIDIA RTX A2000 Laptop GPU,,,31.726390838623047,machine,0.0,0.0,0.0,0.0,N,1.0,0.0
2026-04-18T18:56:58,codecarbon,21fceaec-24c1-422d-8bbf-2c2dc26f0416,5b0fa12a-3dd7-45bb-9766-cc326314d9f1,1.632095599998138,3.5460688635014194e-06,2.172709039535101e-06,6.413727692800001,2.8929880258681884,20.0,2.0127884495130825e-06,1.3105566040033656e-06,6.274295000023105e-06,9.597640053539554e-06,0.0,United States,USA,,,,Windows-11-10.0.26200-SP0,3.12.10,3.2.6,16,11th Gen Intel(R) Core(TM) i9-11950H @ 2.60GHz,1,1 x NVIDIA RTX A2000 Laptop GPU,,,31.726390838623047,machine,0.0,0.0,0.0,0.0,N,1.0,0.0
2026-04-18T18:57:11,codecarbon,7cb97a5d-2c09-400c-b94e-1e255bed1a91,5b0fa12a-3dd7-45bb-9766-cc326314d9f1,1.6410628000012366,3.6214470751028327e-06,2.206769341855841e-06,6.4341397504,3.159797352130417,20.0,2.0359060490148414e-06,1.4394455959965136e-06,6.326303888959552e-06,9.801655533970906e-06,0.0,United States,USA,,,,Windows-11-10.0.26200-SP0,3.12.10,3.2.6,16,11th Gen Intel(R) Core(TM) i9-11950H @ 2.60GHz,1,1 x NVIDIA RTX A2000 Laptop GPU,,,31.726390838623047,machine,0.0,0.0,0.0,0.0,N,1.0,0.0
2026-04-18T18:57:16,codecarbon,6d90ae17-8372-4468-a410-ab76289c08ff,5b0fa12a-3dd7-45bb-9766-cc326314d9f1,1.637679899999057,3.674652146636013e-06,2.2438158681914146e-06,6.4252850176,3.5573741825151046,20.0,2.025684615182451e-06,1.6169457379977548e-06,6.303027777822637e-06,9.945658131002845e-06,0.0,United States,USA,,,,Windows-11-10.0.26200-SP0,3.12.10,3.2.6,16,11th Gen Intel(R) Core(TM) i9-11950H @ 2.60GHz,1,1 x NVIDIA RTX A2000 Laptop GPU,,,31.726390838623047,machine,0.0,0.0,0.0,0.0,N,1.0,0.0
2026-04-18T18:57:32,codecarbon,d79676fb-846c-495b-8c41-6d7a33db5091,5b0fa12a-3dd7-45bb-9766-cc326314d9f1,1.6685498000006191,3.737942515824304e-06,2.240234313547559e-06,6.5546916544,3.264372164752192,20.0,2.1245042920388784e-06,1.5119456539952614e-06,6.480507222214429e-06,1.0116957168248567e-05,0.0,United States,USA,,,,Windows-11-10.0.26200-SP0,3.12.10,3.2.6,16,11th Gen Intel(R) Core(TM) i9-11950H @ 2.60GHz,1,1 x NVIDIA RTX A2000 Laptop GPU,,,31.726390838623047,machine,0.0,0.0,0.0,0.0,N,1.0,0.0
2026-04-18T18:58:03,codecarbon,c0796383-a519-4529-adef-1ced38685cbf,5b0fa12a-3dd7-45bb-9766-cc326314d9f1,1.6379454999987502,3.6592721757958567e-06,2.234062229664326e-06,6.415099494400001,3.4531205484572487,20.0,2.024343985124701e-06,1.5700012560015963e-06,6.30968611108579e-06,9.904031352212088e-06,0.0,United States,USA,,,,Windows-11-10.0.26200-SP0,3.12.10,3.2.6,16,11th Gen Intel(R) Core(TM) i9-11950H @ 2.60GHz,1,1 x NVIDIA RTX A2000 Laptop GPU,,,31.726390838623047,machine,0.0,0.0,0.0,0.0,N,1.0,0.0
2026-04-18T18:58:09,codecarbon,b7ead09e-96e8-4837-a8b3-59c6f7134680,5b0fa12a-3dd7-45bb-9766-cc326314d9f1,1.6372823999990942,3.651075533617264e-06,2.229960777456158e-06,6.4101154816,3.4150440455985343,20.0,2.0222870919987835e-06,1.5522234639991916e-06,6.307336111058249e-06,9.881846667056223e-06,0.0,United States,USA,,,,Windows-11-10.0.26200-SP0,3.12.10,3.2.6,16,11th Gen Intel(R) Core(TM) i9-11950H @ 2.60GHz,1,1 x NVIDIA RTX A2000 Laptop GPU,,,31.726390838623047,machine,0.0,0.0,0.0,0.0,N,1.0,0.0
2026-04-18T19:23:05,codecarbon,8d061198-32fb-4e9e-8849-e9d1fecf439b,5b0fa12a-3dd7-45bb-9766-cc326314d9f1,1.6370610000012675,3.755396581402812e-06,2.29398695674743e-06,6.5448902656,3.947034811931941,20.0,2.06423839149761e-06,1.7936125459860897e-06,6.30634666667902e-06,1.016419760416272e-05,0.0,United States,USA,,,,Windows-11-10.0.26200-SP0,3.12.10,3.2.6,16,11th Gen Intel(R) Core(TM) i9-11950H @ 2.60GHz,1,1 x NVIDIA RTX A2000 Laptop GPU,,,31.726390838623047,machine,0.0,0.0,0.0,0.0,N,1.0,0.0
2026-04-18T19:23:12,codecarbon,75ced507-02fc-445c-af4c-6710cf44a09f,5b0fa12a-3dd7-45bb-9766-cc326314d9f1,1.6065568999911193,3.581704405147421e-06,2.2294289141998145e-06,6.4059802048000005,3.570090998397341,20.0,1.9658462078733023e-06,1.5922234960080717e-06,6.136019999960101e-06,9.694089703841474e-06,0.0,United States,USA,,,,Windows-11-10.0.26200-SP0,3.12.10,3.2.6,16,11th Gen Intel(R) Core(TM) i9-11950H @ 2.60GHz,1,1 x NVIDIA RTX A2000 Laptop GPU,,,31.726390838623047,machine,0.0,0.0,0.0,0.0,N,1.0,0.0
2026-04-18T19:23:17,codecarbon,7bc00fd1-9c29-43ff-81e0-8bbceb1351f0,5b0fa12a-3dd7-45bb-9766-cc326314d9f1,1.6521705000050133,3.69209726608852e-06,2.2346950669300274e-06,6.4009,3.416843220274914,20.0,2.0434686557037e-06,1.5669456980005323e-06,6.382460000006378e-06,9.99287435371061e-06,0.0,United States,USA,,,,Windows-11-10.0.26200-SP0,3.12.10,3.2.6,16,11th Gen Intel(R) Core(TM) i9-11950H @ 2.60GHz,1,1 x NVIDIA RTX A2000 Laptop GPU,,,31.726390838623047,machine,0.0,0.0,0.0,0.0,N,1.0,0.0
2026-04-18T19:23:32,codecarbon,84a04c95-58cb-446a-ad69-988e5ffe6929,5b0fa12a-3dd7-45bb-9766-cc326314d9f1,1.6342028000071878,3.733528415074112e-06,2.2846175609647043e-06,6.440606214400001,3.943700794263128,20.0,2.026074274048404e-06,1.7891680979958968e-06,6.289767777747733e-06,1.0105010149792034e-05,0.0,United States,USA,,,,Windows-11-10.0.26200-SP0,3.12.10,3.2.6,16,11th Gen Intel(R) Core(TM) i9-11950H @ 2.60GHz,1,1 x NVIDIA RTX A2000 Laptop GPU,,,31.726390838623047,machine,0.0,0.0,0.0,0.0,N,1.0,0.0
2026-04-19T18:28:42,codecarbon,09cd6a66-5c8c-45db-b0ad-47ecf21b5008,5b0fa12a-3dd7-45bb-9766-cc326314d9f1,3.135418199992273,9.363243210909211e-06,2.986282088600585e-06,6.555660544,6.806783913090428,20.0,4.794121777557571e-06,5.925282517998953e-06,1.462275388896362e-05,2.5342158184520145e-05,0.0,United States,USA,,,,Windows-11-10.0.26200-SP0,3.12.10,3.2.6,16,11th Gen Intel(R) Core(TM) i9-11950H @ 2.60GHz,1,1 x NVIDIA RTX A2000 Laptop GPU,,,31.726390838623047,machine,0.0,0.0,71.1,22.56709289550781,N,1.0,0.0
2026-04-19T18:34:58,codecarbon,7e117a95-61bc-4327-a059-bc7f5dc84cd5,5b0fa12a-3dd7-45bb-9766-cc326314d9f1,2.115420699992683,5.601578005257241e-06,2.647973523789673e-06,6.881848595200002,5.344784472962726,20.0,3.078880565777115e-06,3.137780288015035e-06,8.944333333218108e-06,1.5160994187010258e-05,0.0,United States,USA,,,,Windows-11-10.0.26200-SP0,3.12.10,3.2.6,16,11th Gen Intel(R) Core(TM) i9-11950H @ 2.60GHz,1,1 x NVIDIA RTX A2000 Laptop GPU,,,31.726390838623047,machine,0.0,0.0,0.0,0.0,N,1.0,0.0
2026-04-19T18:36:20,codecarbon,628cec67-ee21-4f7e-b962-af208bfebd96,5b0fa12a-3dd7-45bb-9766-cc326314d9f1,1.6394060000020545,3.791128163036424e-06,2.312501090658246e-06,6.440606214400001,4.19573634564097,20.0,2.034771776045842e-06,1.909168194008659e-06,6.316967222179907e-06,1.0260907192234408e-05,0.0,United States,USA,,,,Windows-11-10.0.26200-SP0,3.12.10,3.2.6,16,11th Gen Intel(R) Core(TM) i9-11950H @ 2.60GHz,1,1 x NVIDIA RTX A2000 Laptop GPU,,,31.726390838623047,machine,0.0,0.0,0.0,0.0,N,1.0,0.0
2026-04-19T21:35:35,codecarbon,2810b13f-0ba4-4844-ad68-f401685bbaef,5b0fa12a-3dd7-45bb-9766-cc326314d9f1,2.908127800008515,8.427604345070746e-06,2.8979484137684977e-06,6.420167056,6.392133770964324,20.0,4.290094017103008e-06,5.160837462020451e-06,1.335886611114903e-05,2.280979759027249e-05,0.0,United States,USA,,,,Windows-11-10.0.26200-SP0,3.12.10,3.2.6,16,11th Gen Intel(R) Core(TM) i9-11950H @ 2.60GHz,1,1 x NVIDIA RTX A2000 Laptop GPU,,,31.726390838623047,machine,0.0,0.0,77.6,24.6186752319336,N,1.0,0.0
2026-04-19T21:39:21,codecarbon,fb8727fb-062e-4fd6-86a7-0ddb42c2a865,5b0fa12a-3dd7-45bb-9766-cc326314d9f1,1.6569426000060048,3.826674695786195e-06,2.309479336081001e-06,6.4059802048000005,4.110059790038893,20.0,2.054509422489917e-06,1.890279290012176e-06,6.412327222319112e-06,1.0357115934821204e-05,0.0,United States,USA,,,,Windows-11-10.0.26200-SP0,3.12.10,3.2.6,16,11th Gen Intel(R) Core(TM) i9-11950H @ 2.60GHz,1,1 x NVIDIA RTX A2000 Laptop GPU,,,31.726390838623047,machine,0.0,0.0,0.0,0.0,N,1.0,0.0
2026-04-19T23:04:30,codecarbon,899a4870-d746-43ca-ae1d-c686891bb93b,5b0fa12a-3dd7-45bb-9766-cc326314d9f1,2.31833199999528,6.444144886270503e-06,2.7796471283162303e-06,8.0023241152,5.179789010041454,20.0,4.033386305403923e-06,3.332224888019653e-06,1.0075838888911273e-05,1.7441450082334847e-05,0.0,United States,USA,,,,Windows-11-10.0.26200-SP0,3.12.10,3.2.6,16,11th Gen Intel(R) Core(TM) i9-11950H @ 2.60GHz,1,1 x NVIDIA RTX A2000 Laptop GPU,,,31.726390838623047,machine,0.0,0.0,0.0,0.0,N,1.0,0.0
2026-04-19T23:05:06,codecarbon,494b1360-2be6-4276-b32a-649d81b832cb,5b0fa12a-3dd7-45bb-9766-cc326314d9f1,1.8177244999969844,4.622444549732797e-06,2.5429841264396587e-06,8.7243677632,4.034452778799566,20.0,3.182930236216563e-06,2.035001628014621e-06,7.292981111095287e-06,1.251091297532647e-05,0.0,United States,USA,,,,Windows-11-10.0.26200-SP0,3.12.10,3.2.6,16,11th Gen Intel(R) Core(TM) i9-11950H @ 2.60GHz,1,1 x NVIDIA RTX A2000 Laptop GPU,,,31.726390838623047,machine,0.0,0.0,0.0,0.0,N,1.0,0.0
2026-04-19T23:05:29,codecarbon,b42cb812-dae1-472f-a0e3-9544280f66f8,5b0fa12a-3dd7-45bb-9766-cc326314d9f1,1.942077300016536,4.925944678695028e-06,2.5364307994604988e-06,7.0917177664,4.652393131307989,20.0,2.834778252559903e-06,2.5075020060050246e-06,7.990073333429691e-06,1.333235359199462e-05,0.0,United States,USA,,,,Windows-11-10.0.26200-SP0,3.12.10,3.2.6,16,11th Gen Intel(R) Core(TM) i9-11950H @ 2.60GHz,1,1 x NVIDIA RTX A2000 Laptop GPU,,,31.726390838623047,machine,0.0,0.0,0.0,0.0,N,1.0,0.0
2026-04-19T23:06:38,codecarbon,34d928ab-8154-4947-a3b6-289040a2284a,5b0fa12a-3dd7-45bb-9766-cc326314d9f1,1.972764600010123,5.028993795000721e-06,2.549211292099886e-06,7.064886937600001,4.709536345477079,20.0,2.881362132131948e-06,2.5788909520096936e-06,8.151008888995018e-06,1.361126197313666e-05,0.0,United States,USA,,,,Windows-11-10.0.26200-SP0,3.12.10,3.2.6,16,11th Gen Intel(R) Core(TM) i9-11950H @ 2.60GHz,1,1 x NVIDIA RTX A2000 Laptop GPU,,,31.726390838623047,machine,0.0,0.0,0.0,0.0,N,1.0,0.0
2026-04-19T23:06:49,codecarbon,d607e008-e171-4062-8e6e-7e1e94a86f10,5b0fa12a-3dd7-45bb-9766-cc326314d9f1,1.964203999988968,5.000584357324248e-06,2.5458579441607567e-06,7.597900000000001,4.292916128406147,20.0,3.0827922070639223e-06,2.340279649987176e-06,8.111298333258472e-06,1.353437019030957e-05,0.0,United States,USA,,,,Windows-11-10.0.26200-SP0,3.12.10,3.2.6,16,11th Gen Intel(R) Core(TM) i9-11950H @ 2.60GHz,1,1 x NVIDIA RTX A2000 Laptop GPU,,,31.726390838623047,machine,0.0,0.0,0.0,0.0,N,1.0,0.0
2026-04-19T23:06:59,codecarbon,ee72bdfb-4176-4a84-838f-52ca319c1cb1,5b0fa12a-3dd7-45bb-9766-cc326314d9f1,1.9219109000114256,4.798489687262381e-06,2.496728483736605e-06,7.1667742528,4.306600673122004,20.0,2.821258018849733e-06,2.297224060004988e-06,7.868907222291455e-06,1.2987389301146176e-05,0.0,United States,USA,,,,Windows-11-10.0.26200-SP0,3.12.10,3.2.6,16,11th Gen Intel(R) Core(TM) i9-11950H @ 2.60GHz,1,1 x NVIDIA RTX A2000 Laptop GPU,,,31.726390838623047,machine,0.0,0.0,0.0,0.0,N,1.0,0.0
2026-04-19T23:07:17,codecarbon,6775594a-9994-471f-bed2-18d428fefae6,5b0fa12a-3dd7-45bb-9766-cc326314d9f1,1.776613099995302,4.363158038245936e-06,2.4558853237418284e-06,7.4478273472,4.277709654433168,20.0,2.6330951567965e-06,2.109168353997548e-06,7.066875555513737e-06,1.1809139066307784e-05,0.0,United States,USA,,,,Windows-11-10.0.26200-SP0,3.12.10,3.2.6,16,11th Gen Intel(R) Core(TM) i9-11950H @ 2.60GHz,1,1 x NVIDIA RTX A2000 Laptop GPU,,,31.726390838623047,machine,0.0,0.0,0.0,0.0,N,1.0,0.0
2026-04-19T23:33:54,codecarbon,60297579-1252-4c01-9008-258709d0e199,5b0fa12a-3dd7-45bb-9766-cc326314d9f1,1.7831369999912567,4.2590912170186375e-06,2.388538411260336e-06,6.6186735616000005,4.162266721093866,20.0,2.3550584490246818e-06,2.060001648013232e-06,7.112416111016905e-06,1.1527476208054818e-05,0.0,United States,USA,,,,Windows-11-10.0.26200-SP0,3.12.10,3.2.6,16,11th Gen Intel(R) Core(TM) i9-11950H @ 2.60GHz,1,1 x NVIDIA RTX A2000 Laptop GPU,,,31.726390838623047,machine,0.0,0.0,0.0,0.0,N,1.0,0.0
2026-04-19T23:34:09,codecarbon,5bbb8003-b66e-4f41-988f-b320d522d0db,5b0fa12a-3dd7-45bb-9766-cc326314d9f1,1.762216700008139,4.188632837431731e-06,2.376911328449212e-06,6.509821542400002,4.231329116166093,20.0,2.2769337710503823e-06,2.068612765998568e-06,6.991229999888068e-06,1.1336776536937018e-05,0.0,United States,USA,,,,Windows-11-10.0.26200-SP0,3.12.10,3.2.6,16,11th Gen Intel(R) Core(TM) i9-11950H @ 2.60GHz,1,1 x NVIDIA RTX A2000 Laptop GPU,,,31.726390838623047,machine,0.0,0.0,0.0,0.0,N,1.0,0.0
2026-04-19T23:34:25,codecarbon,69c44bb8-36ed-4d66-8f0a-a1c7b49d7eb3,5b0fa12a-3dd7-45bb-9766-cc326314d9f1,1.7138757000211626,3.975179590209369e-06,2.319409505695357e-06,6.586727219200002,3.808414550857254,20.0,2.217770997863277e-06,1.8119458939924728e-06,6.7293361112307245e-06,1.0759053003086474e-05,0.0,United States,USA,,,,Windows-11-10.0.26200-SP0,3.12.10,3.2.6,16,11th Gen Intel(R) Core(TM) i9-11950H @ 2.60GHz,1,1 x NVIDIA RTX A2000 Laptop GPU,,,31.726390838623047,machine,0.0,0.0,0.0,0.0,N,1.0,0.0
2026-04-19T23:35:34,codecarbon,d18bf6c1-210c-43f9-9a0a-27d944dc30de,5b0fa12a-3dd7-45bb-9766-cc326314d9f1,1.7104284999950323,3.990386857211652e-06,2.332974957575392e-06,6.6634794496000005,3.924295032934237,20.0,2.234466970109741e-06,1.862501489979796e-06,6.703243888882247e-06,1.0800212348971784e-05,0.0,United States,USA,,,,Windows-11-10.0.26200-SP0,3.12.10,3.2.6,16,11th Gen Intel(R) Core(TM) i9-11950H @ 2.60GHz,1,1 x NVIDIA RTX A2000 Laptop GPU,,,31.726390838623047,machine,0.0,0.0,0.0,0.0,N,1.0,0.0
2026-04-19T23:37:13,codecarbon,6130abde-a202-4db1-9860-439e862e8fcd,5b0fa12a-3dd7-45bb-9766-cc326314d9f1,1.7539645000069868,4.162355526392956e-06,2.373112754777178e-06,6.4899076096,4.253113203652218,20.0,2.2538693775159683e-06,2.0700016560015744e-06,6.9417844444008855e-06,1.1265655477918428e-05,0.0,United States,USA,,,,Windows-11-10.0.26200-SP0,3.12.10,3.2.6,16,11th Gen Intel(R) Core(TM) i9-11950H @ 2.60GHz,1,1 x NVIDIA RTX A2000 Laptop GPU,,,31.726390838623047,machine,0.0,0.0,0.0,0.0,N,1.0,0.0
2026-04-21T11:57:47,codecarbon,76bff1c4-60c9-436d-ba3e-03e6266b11c7,5b0fa12a-3dd7-45bb-9766-cc326314d9f1,2.6426535000209697,8.944006860115252e-06,3.384479599782673e-06,6.596484745600001,11.514114207804138,20.0,3.913204610605286e-06,8.435284526042697e-06,1.185898166667256e-05,2.4207470803320544e-05,0.0,United States,USA,,,,Windows-11-10.0.26200-SP0,3.12.10,3.2.6,16,11th Gen Intel(R) Core(TM) i9-11950H @ 2.60GHz,1,1 x NVIDIA RTX A2000 Laptop GPU,,,31.726390838623047,machine,0.0,63.0,67.8,21.51873016357422,N,1.0,0.0
2026-04-21T11:58:12,codecarbon,d2b8f27a-74c4-4283-8421-7e6bcd6a4fc7,5b0fa12a-3dd7-45bb-9766-cc326314d9f1,1.7296509000007063,4.702649758702127e-06,2.718843298783706e-06,6.424300000000001,7.758803440878298,20.0,2.18947335644929e-06,3.7244474240250014e-06,6.814072222267795e-06,1.2727993002742086e-05,0.0,United States,USA,,,,Windows-11-10.0.26200-SP0,3.12.10,3.2.6,16,11th Gen Intel(R) Core(TM) i9-11950H @ 2.60GHz,1,1 x NVIDIA RTX A2000 Laptop GPU,,,31.726390838623047,machine,0.0,0.0,0.0,0.0,N,1.0,0.0
2026-04-21T11:58:28,codecarbon,bcbe57c2-d260-47d1-ade6-0376de229045,5b0fa12a-3dd7-45bb-9766-cc326314d9f1,1.751188199967146,4.939225155263492e-06,2.820499336025766e-06,6.631533510400002,8.494180386530921,20.0,2.3012574430584544e-06,4.1291699700019e-06,6.93787055529861e-06,1.3368297968358964e-05,0.0,United States,USA,,,,Windows-11-10.0.26200-SP0,3.12.10,3.2.6,16,11th Gen Intel(R) Core(TM) i9-11950H @ 2.60GHz,1,1 x NVIDIA RTX A2000 Laptop GPU,,,31.726390838623047,machine,0.0,0.0,0.0,0.0,N,1.0,0.0
2026-04-21T11:58:35,codecarbon,e9f5d925-5d43-48d9-b6e0-56bf75bc377d,5b0fa12a-3dd7-45bb-9766-cc326314d9f1,1.759687000012491,5.01519178960751e-06,2.8500476445935616e-06,6.6103704064,8.766254627779748,20.0,2.309017623594737e-06,4.281670091976775e-06,6.983218333334662e-06,1.3573906048906172e-05,0.0,United States,USA,,,,Windows-11-10.0.26200-SP0,3.12.10,3.2.6,16,11th Gen Intel(R) Core(TM) i9-11950H @ 2.60GHz,1,1 x NVIDIA RTX A2000 Laptop GPU,,,31.726390838623047,machine,0.0,0.0,0.0,0.0,N,1.0,0.0
2026-04-21T11:58:47,codecarbon,9c14f98b-d9ac-49bd-81d6-013d24b5d5fb,5b0fa12a-3dd7-45bb-9766-cc326314d9f1,1.7942011000122875,5.100353246911028e-06,2.8426876156056857e-06,6.7359232,8.536115603224353,20.0,2.4101342772677164e-06,4.241670060023406e-06,7.15259611121534e-06,1.3804400448506462e-05,0.0,United States,USA,,,,Windows-11-10.0.26200-SP0,3.12.10,3.2.6,16,11th Gen Intel(R) Core(TM) i9-11950H @ 2.60GHz,1,1 x NVIDIA RTX A2000 Laptop GPU,,,31.726390838623047,machine,0.0,0.0,0.0,0.0,N,1.0,0.0
2026-04-21T11:59:00,codecarbon,db203462-1d49-4620-aa74-c94385c2596e,5b0fa12a-3dd7-45bb-9766-cc326314d9f1,1.914420500048436,5.574412733451983e-06,2.911801630473005e-06,6.598313977600002,8.758678329124464,20.0,2.5887049757956268e-06,4.65500372398564e-06,7.843761111143976e-06,1.5087469810925243e-05,0.0,United States,USA,,,,Windows-11-10.0.26200-SP0,3.12.10,3.2.6,16,11th Gen Intel(R) Core(TM) i9-11950H @ 2.60GHz,1,1 x NVIDIA RTX A2000 Laptop GPU,,,31.726390838623047,machine,0.0,0.0,0.0,0.0,N,1.0,0.0
2026-04-21T11:59:09,codecarbon,7fc6b6c0-6424-4593-ac9f-cee810cef3f9,5b0fa12a-3dd7-45bb-9766-cc326314d9f1,1.8580613000085573,5.248362845909003e-06,2.8246446152690606e-06,6.5207959552000005,8.287183223368082,20.0,2.445510227923978e-06,4.262225632045702e-06,7.497261111145942e-06,1.4204996971115625e-05,0.0,United States,USA,,,,Windows-11-10.0.26200-SP0,3.12.10,3.2.6,16,11th Gen Intel(R) Core(TM) i9-11950H @ 2.60GHz,1,1 x NVIDIA RTX A2000 Laptop GPU,,,31.726390838623047,machine,0.0,0.0,0.0,0.0,N,1.0,0.0
2026-04-21T11:59:18,codecarbon,83c8d176-c883-4218-b344-8fd177d416f0,5b0fa12a-3dd7-45bb-9766-cc326314d9f1,1.989306700008456,6.505837955050185e-06,3.2704046867295684e-06,9.8167744,9.610515297506163,20.0,4.051427243065647e-06,5.307504246043759e-06,8.249494444721172e-06,1.760842593383058e-05,0.0,United States,USA,,,,Windows-11-10.0.26200-SP0,3.12.10,3.2.6,16,11th Gen Intel(R) Core(TM) i9-11950H @ 2.60GHz,1,1 x NVIDIA RTX A2000 Laptop GPU,,,31.726390838623047,machine,0.0,0.0,0.0,0.0,N,1.0,0.0
2026-04-21T12:00:00,codecarbon,4c240adc-98f4-43b8-bf70-1303c0286490,5b0fa12a-3dd7-45bb-9766-cc326314d9f1,1.692586700024549,4.597181131767284e-06,2.716068330030365e-06,6.564925388800001,7.905907008830448,20.0,2.160907558576804e-06,3.702780739966993e-06,6.578847777887455e-06,1.2442536076431252e-05,0.0,United States,USA,,,,Windows-11-10.0.26200-SP0,3.12.10,3.2.6,16,11th Gen Intel(R) Core(TM) i9-11950H @ 2.60GHz,1,1 x NVIDIA RTX A2000 Laptop GPU,,,31.726390838623047,machine,0.0,0.0,0.0,0.0,N,1.0,0.0
2026-04-21T12:00:10,codecarbon,b67269ac-0fcf-4a36-8b46-e715c42f5d90,5b0fa12a-3dd7-45bb-9766-cc326314d9f1,1.6949007000075653,4.582472149461984e-06,2.7036817846859875e-06,6.6103704064,7.641340980212852,20.0,2.1889808254181212e-06,3.593613986052624e-06,6.620130555367925e-06,1.240272536683867e-05,0.0,United States,USA,,,,Windows-11-10.0.26200-SP0,3.12.10,3.2.6,16,11th Gen Intel(R) Core(TM) i9-11950H @ 2.60GHz,1,1 x NVIDIA RTX A2000 Laptop GPU,,,31.726390838623047,machine,0.0,0.0,0.0,0.0,N,1.0,0.0
